metric,value,unit
documents_total,3387.0,documents
documents_train,2034.0,documents
documents_test,1353.0,documents
classes,4.0,classes
missing_text,0.0,documents
empty_text,0.0,documents
missing_target,0.0,documents
text_chars_mean,2021.5456155890167,characters
text_chars_median,1196.0,characters
text_chars_min,115.0,characters
text_chars_max,61773.0,characters
text_words_mean,309.5281960436965,words
text_words_median,177.0,words
text_words_min,12.0,words
text_words_max,9255.0,words
class_count_alt_atheism,799.0,documents
class_share_pct_alt_atheism,23.590197815175674,percent
class_count_comp_graphics,973.0,documents
class_share_pct_comp_graphics,28.727487452022437,percent
class_count_sci_space,987.0,documents
class_share_pct_sci_space,29.14083259521701,percent
class_count_talk_religion_misc,628.0,documents
class_share_pct_talk_religion_misc,18.541482137584882,percent
tfidf_documents,3387.0,documents
tfidf_features,11286.0,features
tfidf_nonzero,327310.0,values
tfidf_total_elements,38225682.0,values
tfidf_density_pct,0.8562567961508182,percent
tfidf_sparsity_pct,99.14374320384918,percent
term_frequency_bin_1,15809.0,terms
term_frequency_bin_2,7536.0,terms
term_frequency_bin_3-5,7823.0,terms
term_frequency_bin_6-10,4252.0,terms
term_frequency_bin_11-50,5680.0,terms
term_frequency_bin_51+,2155.0,terms
